Workbook

Sheet Start here
B2: Module 1 · The Water Cycle as Data — Practice workbook
B3: Hydroinformatics in a Changing Climate: Water Data Literacy for All · CuX, CHRIST (Deemed to be University)
B5: How to use this workbook
B6: This is the spreadsheet version of the Module 1 practice activities. It matches the Colab practice notebooks: same data, same questions, same answers.
B7: 1. Go to File → Make a copy so you have your own version.
B8: 2. Each tab is one session: S01 to S04 are practice activities, S05 is the workshop.
B9: 3. Type or choose your answers in the YELLOW cells. The CHECK column tells you if you are right (✓) or should try again (✗).
B10: 4. The Data tab holds the sample station record. Charts and totals are calculated from it with formulas.
B12: About the data
B13: The sample station is ILLUSTRATIVE, SYNTHETIC data for practice, not an official IMD or CWC record. In Module 2 you will download real data for your own district.

Sheet S01 Headlines
B2: Session 1 · What was measured?
B3: Choose the kind of water number each example headline reports.
B5: # | C5: Headline (example) | D5: Your answer | E5: Check
B6: A | C6: Heavy rain: 87 mm recorded at the city observatory | E6: =IF(OR(D6="",D6="choose"),"",IF(D6="Rainfall depth","✓ Correct","✗ Try again"))
B7: B | C7: Lake level drops 1.2 m in three months | E7: =IF(OR(D7="",D7="choose"),"",IF(D7="Water level","✓ Correct","✗ Try again"))
B8: C | C8: Water board to cut supply from 900 MLD to 750 MLD | E8: =IF(OR(D8="",D8="choose"),"",IF(D8="Water supply","✓ Correct","✗ Try again"))
B9: D | C9: Monsoon 9% above normal so far | E9: =IF(OR(D9="",D9="choose"),"",IF(D9="Rainfall anomaly","✓ Correct","✗ Try again"))
B10: E | C10: Dam outflow raised to 30,000 cusecs | E10: =IF(OR(D10="",D10="choose"),"",IF(D10="River flow","✓ Correct","✗ Try again"))
B11: F | C11: Groundwater at 18 m below ground in summer | E11: =IF(OR(D11="",D11="choose"),"",IF(D11="Groundwater depth","✓ Correct","✗ Try again"))
C12: Score (out of 6) | E12: =COUNTIF(E6:E11,"✓*") -> 0
B14: Task 2
C15: Headline: "Reservoir storage at 42% of capacity". Which question does it answer least well? | E15: =IF(OR(D15="",D15="choose"),"",IF(D15="Compared to what?","✓ Correct","✗ Try again"))

Sheet S02 Volumes
B2: Session 2 · Rain is a volume; water units
B3: Work each one out, type your answer, and check. Answers within 2% count as correct.
B5: # | C5: Question | D5: Your answer | E5: Check | F5: Hint
B6: Q1 | C6: A 120 m² roof receives 65 mm of rain. How many litres fall on it? | E6: =IF(D6="","",IF(ABS(D6-(65*120))<=MAX(ABS(65*120)*0.02,0.01),"✓ Correct","✗ Try again")) | F6: Depth (mm) × area (m²) = litres.
B7: Q2 | C7: A 30 ha campus receives 40 mm of rain. How many m³ fall on it? | E7: =IF(D7="","",IF(ABS(D7-(40*30*10000/1000))<=MAX(ABS(40*30*10000/1000)*0.02,0.01),"✓ Correct","✗ Try again")) | F7: 1 ha = 10,000 m². Litres ÷ 1,000 = m³.
B8: Q3 | C8: A reservoir releases 2 TMC. How many MCM is that? | E8: =IF(D8="","",IF(ABS(D8-(2*28.316846592))<=MAX(ABS(2*28.316846592)*0.02,0.01),"✓ Correct","✗ Try again")) | F8: 1 TMC ≈ 28.3 MCM.
B9: Q4 | C9: A river flows at 250 m³/s for one day. How many MCM pass? | E9: =IF(D9="","",IF(ABS(D9-(250*86400/1000000))<=MAX(ABS(250*86400/1000000)*0.02,0.01),"✓ Correct","✗ Try again")) | F9: Flow × 86,400 seconds = m³; ÷ 1,000,000 = MCM.
B10: Q5 | C10: A dam releases 50,000 cusecs. What is this in m³/s? | E10: =IF(D10="","",IF(ABS(D10-(50000/35.3147))<=MAX(ABS(50000/35.3147)*0.02,0.01),"✓ Correct","✗ Try again")) | F10: 1 m³/s ≈ 35.3 cusecs.
B11: Q6 | C11: A city uses 1,450 MLD. For how many days would 1 TMC last? | E11: =IF(D11="","",IF(ABS(D11-(28316.846592/1450))<=MAX(ABS(28316.846592/1450)*0.02,0.01),"✓ Correct","✗ Try again")) | F11: 1 TMC ≈ 28,317 million litres.
C12: Score (out of 6) | E12: =COUNTIF(E6:E11,"✓*") -> 0
B14: Calculator: rain to volume
C15: Input | D15: Value
C16: Rainfall (mm) | D16: 50
C17: Area (m²) | D17: 100
C18: Volume (litres) | D18: =D16*D17 -> 5000
C19: Volume (MCM) | D19: =D18/1000000000 -> 5e-06

Sheet S03 Rain Gauge
B2: Session 3 · Reading a rain gauge record
B3: Use the monthly table and the Data tab to answer. Rainy day = 2.5 mm or more (IMD).
B5: # | C5: Question | D5: Your answer | E5: Check | G5: Month | H5: Rain (mm)
B6: Q1 | C6: Total rainfall in 2023 (mm) | E6: =IF(D6="","",IF(ABS(D6-(SUM(Data!$B$2:$B$366)))<=MAX(ABS(SUM(Data!$B$2:$B$366))*0.02,0.01),"✓ Correct","✗ Try again")) | G6: Jan | H6: =SUMIF(Data!$D$2:$D$366,1,Data!$B$2:$B$366) -> 0
B7: Q2 | C7: Number of rainy days (2.5 mm or more) | E7: =IF(D7="","",IF(ABS(D7-(COUNTIF(Data!$B$2:$B$366,">=2.5")))<=MAX(ABS(COUNTIF(Data!$B$2:$B$366,">=2.5"))*0,0.01),"✓ Correct","✗ Try again")) | G7: Feb | H7: =SUMIF(Data!$D$2:$D$366,2,Data!$B$2:$B$366) -> 0
B8: Q3 | C8: Wettest month | E8: =IF(OR(D8="",D8="choose"),"",IF(D8="Sep","✓ Correct","✗ Try again")) | G8: Mar | H8: =SUMIF(Data!$D$2:$D$366,3,Data!$B$2:$B$366) -> 1.8
B9: Q4 | C9: % of the year's rain on the 10 wettest days | E9: =IF(D9="","",IF(ABS(D9-(SUMPRODUCT(LARGE(Data!$B$2:$B$366,ROW($1:$10)))/SUM(Data!$B$2:$B$366)*100))<=MAX(ABS(SUMPRODUCT(LARGE(Data!$B$2:$B$366,ROW($1:$10)))/SUM(Data!$B$2:$B$366)*100)*0.05,0.01),"✓ Correct","✗ Try again")) | G9: Apr | H9: =SUMIF(Data!$D$2:$D$366,4,Data!$B$2:$B$366) -> 80.2
B10: Q5 | C10: Season with the most rain | E10: =IF(OR(D10="",D10="choose"),"",IF(D10="SW monsoon (Jun–Sep)","✓ Correct","✗ Try again")) | G10: May | H10: =SUMIF(Data!$D$2:$D$366,5,Data!$B$2:$B$366) -> 124.3
G11: Jun | H11: =SUMIF(Data!$D$2:$D$366,6,Data!$B$2:$B$366) -> 78.7
G12: Jul | H12: =SUMIF(Data!$D$2:$D$366,7,Data!$B$2:$B$366) -> 121.8
G13: Aug | H13: =SUMIF(Data!$D$2:$D$366,8,Data!$B$2:$B$366) -> 153.3
G14: Sep | H14: =SUMIF(Data!$D$2:$D$366,9,Data!$B$2:$B$366) -> 245.5
G15: Oct | H15: =SUMIF(Data!$D$2:$D$366,10,Data!$B$2:$B$366) -> 156.7
G16: Nov | H16: =SUMIF(Data!$D$2:$D$366,11,Data!$B$2:$B$366) -> 91.3
G17: Dec | H17: =SUMIF(Data!$D$2:$D$366,12,Data!$B$2:$B$366) -> 11.1
G18: Year | H18: =SUM(H6:H17) -> 1064.7

Sheet S04 River Gauge
B2: Session 4 · Reading a river gauge record
B3: Warning level 3.6 m, danger level 4.2 m. Use the flood table on the right.
C4: Warning level (m) | D4: 3.6
B5: # | C5: Question | D5: Your answer | E5: Check | G5: Date | H5: Rain (mm) | I5: Level (m)
B6: Q1 | C6: Highest river level of the year (m) | E6: =IF(D6="","",IF(ABS(D6-(MAX(Data!$C$2:$C$366)))<=MAX(ABS(MAX(Data!$C$2:$C$366))*0.005,0.01),"✓ Correct","✗ Try again")) | G6: =Data!A259 -> 45184 | H6: =Data!B259 -> 8.2 | I6: =Data!C259 -> 1.96
B7: Q2 | C7: Lag time: days between the heaviest rain and the river peak | E7: =IF(D7="","",IF(ABS(D7-(INDEX(Data!$A$2:$A$366,MATCH(MAX(Data!$C$2:$C$366),Data!$C$2:$C$366,0))-INDEX(Data!$A$2:$A$366,MATCH(MAX(Data!$B$2:$B$366),Data!$B$2:$B$366,0))))<=MAX(ABS(INDEX(Data!$A$2:$A$366,MATCH(MAX(Data!$C$2:$C$366),Data!$C$2:$C$366,0))-INDEX(Data!$A$2:$A$366,MATCH(MAX(Data!$B$2:$B$366),Data!$B$2:$B$366,0)))*0,0.01),"✓ Correct","✗ Try again")) | G7: =Data!A260 -> 45185 | H7: =Data!B260 -> 0 | I7: =Data!C260 -> 1.95
B8: Q3 | C8: Days above the danger level (4.2 m) | E8: =IF(D8="","",IF(ABS(D8-(COUNTIF(Data!$C$2:$C$366,">4.2")))<=MAX(ABS(COUNTIF(Data!$C$2:$C$366,">4.2"))*0,0.01),"✓ Correct","✗ Try again")) | G8: =Data!A261 -> 45186 | H8: =Data!B261 -> 10.6 | I8: =Data!C261 -> 2
B9: Q4 | C9: Days from the peak until the river fell back below the warning level | E9: =IF(D9="","",IF(ABS(D9-(5))<=MAX(ABS(5)*0,0.01),"✓ Correct","✗ Try again")) | G9: =Data!A262 -> 45187 | H9: =Data!B262 -> 14.9 | I9: =Data!C262 -> 2.12
G10: =Data!A263 -> 45188 | H10: =Data!B263 -> 0 | I10: =Data!C263 -> 2.15
G11: =Data!A264 -> 45189 | H11: =Data!B264 -> 14.6 | I11: =Data!C264 -> 2.25
G12: =Data!A265 -> 45190 | H12: =Data!B265 -> 96.4 | I12: =Data!C265 -> 3.27
G13: =Data!A266 -> 45191 | H13: =Data!B266 -> 58.2 | I13: =Data!C266 -> 4.25
G14: =Data!A267 -> 45192 | H14: =Data!B267 -> 0 | I14: =Data!C267 -> 4.56
G15: =Data!A268 -> 45193 | H15: =Data!B268 -> 0.4 | I15: =Data!C268 -> 4.51
G16: =Data!A269 -> 45194 | H16: =Data!B269 -> 2.7 | I16: =Data!C269 -> 4.29
G17: =Data!A270 -> 45195 | H17: =Data!B270 -> 0 | I17: =Data!C270 -> 4.01
G18: =Data!A271 -> 45196 | H18: =Data!B271 -> 0.3 | I18: =Data!C271 -> 3.71
G19: =Data!A272 -> 45197 | H19: =Data!B272 -> 0 | I19: =Data!C272 -> 3.42
G20: =Data!A273 -> 45198 | H20: =Data!B273 -> 0 | I20: =Data!C273 -> 3.16
G21: =Data!A274 -> 45199 | H21: =Data!B274 -> 4.5 | I21: =Data!C274 -> 2.94
... G31: =Data!A284 -> 45209 | H31: =Data!B284 -> 11.2 | I31: =Data!C284 -> 2.05

Sheet S05 District Card
B2: Session 5 · Workshop: My district in numbers
B3: Replace the example values with your own district's facts. This card is step 1 of your capstone.
B5: My district | C5: Value | D5: Where to find it
B6: District | C6: Example district | D6: Your choice
B7: State | C7: Example state
B8: Area (km²) | C8: 2000 | D8: District website or Census of India
B9: Population | C9: 2000000 | D9: Census of India or district website
B10: Normal annual rainfall (mm) | C10: 900 | D10: IMD district rainfall pages
B11: Main river or lake | C11: Example river | D11: Map or district website
B13: In a normal year | C13: Value | D13: How it is calculated
B14: Rain on the district (MCM) | C14: =C10/1000*C8*1000000/1000000 -> 1800 | D14: rainfall (m) × area (m²) ÷ 1,000,000 | F14: Need at 135 LPCD | G14: =C17 -> 98.55
B15: Rain on the district (TMC) | C15: =C14/28.316846592 -> 63.5664 | D15: MCM ÷ 28.3 | F15: Rain on the district | G15: =C14 -> 1800
B16: Litres per person per day, if all rain were shared | C16: =C14*1000000000/C9/365 -> 2465.7534 | D16: litres ÷ people ÷ 365
B17: Domestic need at 135 LPCD (MCM per year) | C17: =C9*135*365/1000000000 -> 98.55 | D17: people × 135 L × 365 days
B18: Rain received ÷ water needed | C18: =C14/C17 -> 18.26484 | D18: how many times the need
B20: Lab 1 question | C20: Your answer
B21: Why do cities flood quickly?
B22: Most useful time scale for a farmer, and why
B23: Why does the river peak after the rain?
B25: Card status | C25: =IF(C6="Example district","✗ Replace the example values with your own district",IF(COUNTA(C21:C23)<3,"✗ Answer all three Lab 1 questions","✓ Ready: upload this tab as PDF on CuX")) -> ✗ Replace the example values with your own district

Sheet Data
A1: Date | B1: Rain (mm) | C1: River level (m) | D1: Month
A2: 44927 | B2: 0 | C2: 1.8 | D2: =MONTH(A2) -> 1
A3: 44928 | B3: 0 | C3: 1.8 | D3: =MONTH(A3) -> 1
A4: 44929 | B4: 0 | C4: 1.8 | D4: =MONTH(A4) -> 1
A5: 44930 | B5: 0 | C5: 1.8 | D5: =MONTH(A5) -> 1
A6: 44931 | B6: 0 | C6: 1.8 | D6: =MONTH(A6) -> 1
A7: 44932 | B7: 0 | C7: 1.8 | D7: =MONTH(A7) -> 1
A8: 44933 | B8: 0 | C8: 1.8 | D8: =MONTH(A8) -> 1
A9: 44934 | B9: 0 | C9: 1.8 | D9: =MONTH(A9) -> 1
A10: 44935 | B10: 0 | C10: 1.8 | D10: =MONTH(A10) -> 1
A11: 44936 | B11: 0 | C11: 1.8 | D11: =MONTH(A11) -> 1
A12: 44937 | B12: 0 | C12: 1.8 | D12: =MONTH(A12) -> 1
A13: 44938 | B13: 0 | C13: 1.8 | D13: =MONTH(A13) -> 1
... A366: 45291 | B366: 0 | C366: 1.8 | D366: =MONTH(A366) -> 12
